№ п/п,Наименование предприятия,ИНН,Почта
2,"ГАПОУ ТО ""ТКПСТ""",7203489252.0,TKPST@OBL72.RU; bu.tkpst@yandex.ru
3,"ГАПОУ ТО ""АТК""",7207006570.0,yalagrokoll@mail.ru; ylakb@mail.ru; madam.tolmacheva@inbox.ru
4,"ГАПОУ ТО ""ТТСИ И ГХ""",7203066708.0, tkv1080@mail.ru; tobolovats@mail.ru; tci72@mai.ru; tci72@obl72.ru; chupin747@gmail.com; tci72obl72@mail.ru
5,МАОУ МОСКОВСКАЯ СОШ,7224011650.0,mss72@inbox.ru; mss72@mail.ru
6,МАОУ ПЕРЕВАЛОВСКАЯ СОШ,7224010103.0,per@obraz-tmr.ru; perevalovoshcool@mail.ru; perevalovoschool@mail.ru
7,МАОУ ГИМНАЗИЯ № 16 ГОРОДА ТЮМЕНИ,7203076470.0,g16tmn@mail.ru; mayi@list.ru
8,"МАОУ ""ВЕЛИЖАНСКАЯ СОШ""",7219006599.0,vsosh08@mail.ru; VELIZHANY@YANDEX.RU
9,"МАОУ ""ИВАНОВСКАЯ СОШ"" УВАТСКОГО МУНИЦИПАЛЬНОГО РАЙОНА",7225003412.0,Ivanovskayabuh@yandex.ru; chucherilova@bk.ru; ivanovskajabuh@yandex.ru
10,МАОУ ВИНЗИЛИНСКАЯ СОШ ИМ. КОВАЛЬЧУКА,7224008249.0,d727@mail.ru
11,МАОУ ВАГАЙСКАЯ СОШ,7212003870.0,buhvagai@mail.ru; moyvagai_1@mail.ru; moyvagai_1@vail.ru
12,МАУ ДО СШ №1 ГОРОДА ТЮМЕНИ,7222018347.0,sor_ds1@mail.ru; sor_ds1@mail.ru_
13,"ГАПОУ ТО ""ИШИМСКИЙ МЕДИЦИНСКИЙ КОЛЛЕДЖ""",7205005066.0,medcolleg@ishim.ru; mail@med-ishim.ru; med_ishim@mail.ru; med-ishim@mail.ru; economist@med-ishim.ru; material@med-ishim.ru; imk@obl72.ru
14,МАОУ СОШ № 94 ГОРОДА ТЮМЕНИ,7204192511.0,school94-tmn@obl72.ru; kosm-alina@yandex.ru
15,"ФГБОУ ВО ""ТЮМЕНСКИЙ ИНДУСТРИАЛЬНЫЙ УНИВЕРСИТЕТ"" ФГБОУ ВО ""ТИУ"" ТЮМЕНСКИЙ ИНДУСТРИАЛЬНЫЙ УНИВЕРСИТЕТ ТИУ",7202028202.0,Laptevaov@tyuiu.ru; general@tyuiu.ru; timofeevaij@tyuiu.ru; ermolinaev@tyuiu.ru; maltsevaa@tyuiu.ru; fazylovark@tyuiu.ru
16,"МАОУ ""НИЖНЕАРЕМЗЯНСКАЯ СОШ""",7223009345.0,naremzan@mail.ru; n-aremzbuh@mail.ru; cherkashina-olka1993@mail.ru; n-aremzan@mail.ru; n-aremzduh@mail.ru
17,МБОУ НШ-ДС № 76 Г.ТЮМЕНИ,7203058457.0,school76tmn@mail.ru; school72tmn@mail.ru; school76@obl72.ru
18,МАОУ СОШ №22 ГОРОДА ТЮМЕНИ,7204006356.0,shkola22buh@mail.ru; School22_tmn@mail.ru; angel_natali@bk.ru; shrola22buh@mail.ru; school22_tmn@obl72.ru
19,"МАОУ ""ПРИИРТЫШСКАЯ СОШ""",7223009289.0,priirtyushskiisosh1@rambler.ru; anna.stefantseva@mail.ru; ivanina.rashida@mail.ru; svetlana_saifull@mail.ru
20,"ГАПОУ ТО ""ТОБОЛЬСКИЙ МНОГОПРОФИЛЬНЫЙ ТЕХНИКУМ""",7206048915.0,TMTs@yandex.ru; TMTs72@yandex.ru; tmt.priemnaya@tmt72.ru
22,"ГАОУ ТО ""ГИМНАЗИЯ РОССИЙСКОЙ КУЛЬТУРЫ""",7203383993.0,GRKTMN@MAIL.RU; bsa3001@yandex.ru
24,МАОУ БЕГИШЕВСКАЯ СОШ,7212003461.0,irinashargina@mail.ru; beg.schckola2010@yandex.ru; irinasargina@mail.ru; beg.schckola2010@yndex.ru
25,МАОУ БОРОВСКАЯ СОШ,7224012196.0,olenka_1609@mail.ru; BORSCHOOL01@MAIL.RU; bor@obraz-tmr.ru
26,МАОУ СОШ №65 ГОРОДА ТЮМЕНИ,7203076544.0,schoolEgorova65@yandex.ru; scoolegorova65@yandex.ru; irina.romanova1704@yandex.ru; school65@obl72.ru
27,МАОУ СОШ №41 ГОРОДА ТЮМЕНИ,7203076576.0,mou_ch41@mail.ru; skool41@yandex.ru; skool@yandex.ru; mou_ch41@obl72.ru
28,МАДОУ Д/С № 95 ГОРОДА ТЮМЕНИ,7204006772.0,detsad095@mail.ru
29,"МАОУ ""ЯРКОВСКАЯ СОШ""",7229005033.0,kondakova-i@inbox.ru; lenam1919@mail.ru; olg61663410@yandex.ru; olg61663410@mail.ru; lenochka080282@yandex.ru; yarkschool@obl72.ru
30,МАОУ СОШ №89 ГОРОДА ТЮМЕНИ,7202105129.0,89tmn@rambler.ru ; 89tmn@rambler.ru; 89tyumen@gmail.com
33,"МАОУ ""АКСАРИНСКАЯ СОШ""",7229005925.0,aksarino-mou-soh@rambler.ru; AKSARINO@MAIL.RU; aksarino@mail.ru
34,МАОУ АБАТСКАЯ СОШ № 2,7208000450.0,454213@rambler.ru
35,"ГАОУ ТО ДПО ""ТОГИРРО""",7202068371.0,info@togirro.ru; bux_togirro@mail.ru
36,МАОУ ТОБОЛОВСКАЯ СОШ,7217007082.0,b.tobolovo@yandex.ru; 196919@ro.ru
37,МАОУ СОШ № 15,7202033308.0,school15_tmn@mail.ru; school15_tmn_bux@mail.ru; school15_tmn@obl72.ru
38,"ГАПОУ ТО ""ТТИПКС""",7203003137.0,tet7610@yandex.ru; balabanova_76@mail.ru; info@mck72.ru; hr@mck72.ru; tet3@yandex.ru; nikittseva_ol21@mail.ru; musatovayp@mck72.ru
39,"МАОУ ""НИЖНЕТАВДИНСКАЯ СОШ""",7219006609.0,byhgalteria72@mail.ru; byhgalteria@mail.ru; scola-ntavda@mail.ru; scola-ntavda@obl72.ru
40,МАОУ УСПЕНСКАЯ СОШ,7224010079.0,ushool@yandex.ru; ushool@ya.ru; usp@obraz-tmr.ru
41,МАДОУ Д/С № 166 ГОРОДА ТЮМЕНИ,7204118290.0,detsad166@obl72.ru; detsad166@yandex.ru
42,МАОУ СОШ №72 ГОРОДА ТЮМЕНИ,7203082530.0,school7_tmn@obl72.ru; school72@mail.ru; school72_tmn@mail.ru; school72_tmn@obl72.ru; shool7272_tmn@mail.ru
43,"МАОУ ""МАЛЫШЕНСКАЯ СОШ""",7214005841.0,malsosh@rambler.ru; malsosh18@yandex.ru
44,МАДОУ ЦРР Д/С № 110 ГОРОДА ТЮМЕНИ,7204118719.0,kazistova1959@mail.ru; detsad110tmn@mail.ru; tmn@mail.ru
45,МАОУ ГОРЬКОВСКАЯ СОШ,7224010199.0,766-007@mail.ru; gorkovka.mou@mail.ru
46,МАОУ СОШ №27 ГОРОДА ТЮМЕНИ,7203076706.0,school27@mail.ru
47,МАДОУ Д/С № 39 ГОРОДА ТЮМЕНИ,7204118420.0,detsad39@obl72.ru; detsad39@obl72.ru; detsad39obl@72.ru
48,"ГАПОУ ТО ""ТОБОЛЬСКИЙ МЕДИЦИНСКИЙ КОЛЛЕДЖ ИМ. В. СОЛДАТОВА""",7206015966.0, tmkzakupki@gmail.com;  tobmed@bk.ru; tobmedkolledj@gmail.com; kadr.tobmk@gmail.com; kadr.tobmr@gmail.com; t226947@yandex.ru
49,МАДОУ Д/С № 135 ГОРОДА ТЮМЕНИ,7202171724.0,sad135tmn@mail.ru; sad135tmn@obl72.ru
50,МАДОУ Д/С № 127 ГОРОДА ТЮМЕНИ,7202208163.0,cveta72rus@mail.ru; ds127@obl72.ru
51,МАОУ СОШ №62 ГОРОДА ТЮМЕНИ,7202021704.0,shkola62@rambler.ru
52,"МАОУ ""ВИКУЛОВСКАЯ СОШ №1""",7213002132.0,vik_sosch1@mail.ru; vik_sosh1@mail.ru; vik_sosh@mail.ru
53,"МАОУ ""УВАТСКАЯ СОШ"" УВАТСКОГО МУНИЦИПАЛЬНОГО РАЙОНА",7225003405.0,uvat-shkola.buh@yandex.ru; uvatshkola@yandex.ru
54,МАОУ СОШ № 16 ИМЕНИ В.П. НЕЙМЫШЕВА,7206009240.0,tobsh16@obl72.ru; nota19121@yandex.ru; ninatob@mail.ru; school16tobolsk@mail.ru; mayatob@mail.ru; tobsad-16@mail.ru
56,"МАОУ ""СОШ П. ДЕМЬЯНКА"" УВАТСКОГО МУНИЦИПАЛЬНОГО РАЙОНА",7225004021.0,buh_demsh@mail.ru
57,МАОУ СОШ № 5,7203084626.0,school5-tmn@obl72.ru; MOUSOH5@MAIL.RU; mousoh5@mai.ru; nadsnadrina08@mail.ru
58,МАОУ СОШ №38 ГОРОДА ТЮМЕНИ,7204006324.0,Schule38tmn@mail.ru; TANAGR68@MAIL.RU; schule38@mail.ru
59,"МАОУ ""СОШ № 2""",7206010326.0,sch-2tob@mail.ru; shc-2tob@mail.ru; tobsh2@obl72.ru
60,МАДОУ Д/С № 160 ГОРОДА ТЮМЕНИ,7202171731.0,detsad160@mail.ru; detsad160@obl72.ru
61,МАОУ СОРОКИНСКАЯ СОШ № 1,7222001216.0,sor-schooll@mail.ru; sor_school1@mail.ru
62,МАОУ СОРОКИНСКАЯ СОШ № 3,7222001520.0,sorokino-sc3@mail.ru; sorokino-sc@mail.ru; sorokino-3sr@mail.ru
64,МАОУ КАСКАРИНСКАЯ СОШ,7224010576.0,LMakarenko@yandex.ru; kas@obraz-tmr.ru; lmakarenko@mail.ru
65,МАОУ ВАГАЙСКАЯ СОШ,7220003218.0,vagay001@gmail.com
66,МАОУ ЧЕРВИШЕВСКАЯ СОШ,7224010022.0,cher@obraz-tmr.ru; chervischevo@mail.ru
67,МАДОУ ЦРР - ДЕТСКИЙ САД № 50 ГОРОДА ТЮМЕНИ,7204118660.0,ds50@obl72.ru; madoy.dc.detctvo@yandex.ru; 303971@bk.ru
68,"ГАОУ ТО ""ФМШ""",7203346712.0,fmschool72@mail.ru
69,"МАОУ ""ГОЛЫШМАНОВСКАЯ СОШ № 1""",7214005721.0,golysh_school_1@mail.ru; Golysh_school.1@mail.ru; golych_school_1@mail.ru
70,МАОУ СОШ №7 ГОРОДА ТЮМЕНИ,7203076400.0,school7_tmn@obl72.ru
71,МАОУ ШОРОХОВСКАЯ СОШ,7216003222.0,83453727204@mail.ru
72,МАДОУ Д/С № 112 ГОРОДА ТЮМЕНИ,7204118814.0,det_sad_112@mail.ru; kunashak7474@mail.ru; det_sad-112@mail.ru
73,МАОУ ГИМНАЗИЯ № 21 ГОРОДА ТЮМЕНИ,7202041838.0,accounting21@mail.ru; tyum-gimn21@mail.ru; lina0706@mail.ru; yal_alex@mail.ru; Gymnazya21@obl72.ru; accounting21@mal.ru
74,МАОУ СОШ № 43 ГОРОДА ТЮМЕНИ ИМЕНИ В.И. МУРАВЛЕНКО,7202033650.0,school43tumen@rambler.ru; 958795@bk.ru; shool43tumеn@rambler.ru
75,МАОУ НОВОТАРМАНСКАЯ СОШ,7224010294.0,school2-1@mail.ru ; nov@obraz-tmr.ru
76,МАДОУ ЦРР - Д/С № 111 ГОРОДА ТЮМЕНИ,7203207412.0,ds-skazka@mail.ru; ds111@obl72.ru
77,МАДОУ Д/С № 185 ГОРОДА ТЮМЕНИ,7204191162.0,ds_185@obl72.ru; ds_42@mail.ru; ds_185@mail.ru
78,МАДОУ Д/С № 134 ГОРОДА ТЮМЕНИ,7202171467.0,dsn134@mail.ru; dsn1342@mail.ru; dsn134@obl72.ru
79,МАДОУ Д/С № 146 ГОРОДА ТЮМЕНИ,7203206810.0,tumdetsad146@mail.ru; kir68lk@mail.ru
81,МАОУ БОГАНДИНСКАЯ СОШ №1,7224015052.0,bog1@obraz-tmr.ru; kn@obraz-tmr.ru
82,"МАОУ ""ВИКУЛОВСКАЯ СОШ №2""",7213002140.0,geraseva71@mail.ru; 2vik.shkola@mail.ru; moor.zoya@mail.ru; geraseva@mail.ru; geraseva71@mail.rru
83,МАОУ ЕМБАЕВСКАЯ СОШ ИМ. АШИРБЕКОВА,7224010181.0,embshkola@yandex.ru; emb@obraz-tmr.ru
84,МАОУ ИСЕТСКАЯ СОШ №2,7216003180.0,mouisoch2_2014@mail.ru; mouisoch2@mail.ru; buhiskshk2@mail.ru
85,МАДОУ Д/С № 79 ГОРОДА ТЮМЕНИ,7203207420.0,madou79@yandex.ru; madou79bux@yandex.ru; madou79@obl72.ru
86,МАОУ СОШ № 68 ГОРОДА ТЮМЕНИ,7203076350.0,school68_tmn@mail.ru; school68_68tmn@mail.ru
88,МАДОУ Д/С № 121 ГОРОДА ТЮМЕНИ,7202171717.0,madou121@yandex.ru; sadcentr121@yandex.ru; sadctntr121@yandex.ru
89,МАДОУ Д/С № 58 ГОРОДА ТЮМЕНИ,7203207282.0,ds58@bk.ru; detsad58@inbox.ru
90,"МАОУ ""ТУРТАССКАЯ СОШ"" УВАТСКОГО МУНИЦИПАЛЬНОГО РАЙОНА",7225003356.0,turtas18@mail.ru; turtas18buh@mail.ru
91,МАДОУ Д/С № 7 ГОРОДА ТЮМЕНИ,7202171812.0,d.s-7_tyumen@mail.ru
92,МАОУ СОШ № 18,7206016991.0,shumilovang@mail.ru; tobsh18@obl72.ru
93,МАОУ ГИМНАЗИЯ № 12 ГОРОДА ТЮМЕНИ,7203076537.0,gimnaz_12_tymen@bk.ru; mitrifonov@mail.ru; gimnaz_12_tymen_buh@bk.ru; gimnaz_12_tyumen@obl72.ru
95,МБОУ ОШ № 2 ГОРОДА ТЮМЕНИ,7202022472.0,mskou_n2@mail.ru; tibua11@yandex.ru
96,МАОУ СОШ №42 ГОРОДА ТЮМЕНИ,7203076255.0,scl42@bk.ru; buhscl42@mail.ru; school42_tmn@mail.ru
97,МАОУ ГИМНАЗИЯ № 83 ГОРОДА ТЮМЕНИ,7203058376.0,Gymnazia83@obl72.ru; gimnasia83@yandex.ru; GYMNASIA83@YANDEX.RU; gimnasi83buh@mail.ru
98,МАОУ СОШ № 52 ГОРОДА ТЮМЕНИ,7202060326.0,school_52@mail.ru; SCHOOL52_TYUMEN@MAIL.RU; school52_52@mail.ru; shool_52@mail.ru
100,МАОУ НСОШ,7218002200.0,nschkola@rambler.ru; byxnschkola@yandex.ru; maou_ns_soch@obl72.ru
101,МАДОУ Д/С № 78 ГОРОДА ТЮМЕНИ,7204006765.0,detsad078@obl72.ru; detsad078@mail.ru; detsad78@mail.ru
102,МАОУ СОШ № 17,7206009916.0,tobsh17@obl72.ru; SCHKOLA17@MAIL.RU; schkola@mail.ru 
103,МАОУ ОСОШ №1,7220003137.0,maou.ososh1@yandex.ru
104,МАДОУ Д/С № 100 ГОРОДА ТЮМЕНИ,7203206962.0,sad1002009@yandex.ru; glbuh.det.sad2@yandex.ru; sad1002009@obl72.ru; natasha_mironova_1978@mail.ru
105,МАДОУ Д/С № 149 ГОРОДА ТЮМЕНИ,7203206909.0,ds.1492010@mail.ru; buhds.149@mail.ru
107,МАОУ КУЛАКОВСКАЯ СОШ,7224010223.0,kul@obraz-tmr.ru; kulakovo-72@mail.ru
108,МАОУ ДЛЯ ОБУЧАЮЩИХСЯ С ОВЗ СОШ-ИНТЕРНАТ № 6 Г.ЯЛУТОРОВСКА,7207000313.0,yalschool6@mail.ru; gyuzeliya2011@mail.ru; chiryateva-en@mail.ru
109,МАОУ ЛИЦЕЙ №34 ГОРОДА ТЮМЕНИ,7204006236.0,Licey34@obl72.ru; shamratova.alsu@mail.ru; Licey34@yandex.ru; licey34@tmn.ru; licey34@bk.ru
110,"МАОУ ""СОШ ИМЕНИ ДЕКАБРИСТОВ""",7207000747.0,dekabrist_2@mail.ru; semochkina_nm@mail.ru; yal_school4@mail.ru
111,МАДОУ Д/С № 90 ГОРОДА ТЮМЕНИ,7203207123.0,madoy90@yandex.ru; MADOU90@MAIL.RU
112,"ГАПОУ ТО ""ТЮМЕНСКИЙ МЕДИЦИНСКИЙ КОЛЛЕДЖ""",7203003225.0,irina.betextina@mail.ru; gaoutmk@yandex.ru; buhtmk109@yandex.ru; duhtmk109@yandex.ru; opk.109@mail.ru
114,"МАОУ ""БЕРКУТСКАЯ СОШ""",7228002294.0,berkut_buh@mail.ru; berkut_school@inbox.ru
115,МАОУ СОШ №26 ГОРОДА ТЮМЕНИ,7204006243.0,school26_tmn@obl72.ru; school26_tmn@mail.ru; school_26tmn@mail.ru; tmn@mail.ru
116,МАДОУ ЦРР Д/С № 125 ГОРОДА ТЮМЕНИ,7203207388.0,ds125r@yandex.ru; ds_125@mail.ru; ds125r@obl72.ru
117,"МАОУ ""БОРОВИНСКАЯ СОШ""",7215008034.0,mou408688@yandex.ru; met52008@yandex.ru; mou408688@yadex.ru
118,"МАДОУ ""ДЕТСКИЙ САД № 51"" Г. ТОБОЛЬСКА",7206036934.0,madou51@mail.ru
119,МАДОУ Д/С № 132 ГОРОДА ТЮМЕНИ,7203175094.0,sadik132@yandex.ru; sadik132@ya.ru; borisovna-7676@mail.ru; sadik132@obl72.ru
120,МАДОУ Д/С № 133 ГОРОДА ТЮМЕНИ,7202171450.0,mds133@bk.ru; mds133@obl72.ru
121,"МБОУ ОШ ""ГОРИЗОНТ"" ГОРОДА ТЮМЕНИ",7203004170.0,si_gorizont@mail.ru; si_gorizont@obl72.ru; si-gorizont@mail.ru
122,МАДОУ Д/С № 162 ГОРОДА ТЮМЕНИ,7203207444.0,det-sad162@mail.ru
123,МАОУ СОШ № 14,7206014585.0,tob-Sh14@yandex.ru; sosh14buhgalteri@yandex.ru
124,"МАОУ ""КУТАРБИТСКАЯ СОШ""",7223009232.0,ZBUH2011@MAIL.RU; kutsosh_70@mail.ru; soch_70@mail.ru
125,МАОУ КАЗАНСКАЯ СОШ,7218001044.0,ksosh@mail.ru; ksos@mail.ru; maou_kaz_soch@obl72.ru; maun_kaz_soch@obe72.ru
126,МАОУ СОШ № 88 ГОРОДА ТЮМЕНИ,7204037065.0,tmn88@mail.ru; tmn88buh@mail.ru
127,"ЧПОУ ТОСПО ""ТЮМКЭУП""",7204006758.0,нет в списке ДФ
128,МАДОУ Д/С № 3 ГОРОДА ТЮМЕНИ,7203224150.0,madouds3@obl72.ru; madouds3@mail.ru
129,МАОУ СОШ № 63 ГОРОДА ТЮМЕНИ,7203076551.0,school63tmn@mail.ru; school63buhgalter@mail.ru
130,МБОУ ООШ № 77 ГОРОДА ТЮМЕНИ,7203058288.0,school-77@mail.ru; school77@obl72.ru
131,МАДОУ Д/С № 87 ГОРОДА ТЮМЕНИ,7203207405.0,detskysad87@mail.ru; deyskaysad87@mail.ru; detskaysad87@mail.ru; deyskysad87@mail.ru; etskysad87@mail.ru
132,МАОУ ЛИЦЕЙ № 93 ГОРОДА ТЮМЕНИ,7203115056.0,tgml@mail.ru; tgml@obl72.ru
133,МАОУ СОШ № 13,7206009874.0,tob_sh13@mail.ru; bsh13@mail.ru; tobsh13@obl72.ru
134,"МАОУ ""НОВОАТЬЯЛОВСКАЯ СОШ""",7228005312.0,novoat_bux@mail.ru; novoat_school@inbox.ru
135,"МАОУ ""КИЕВСКАЯ СОШ""",7228005305.0,kievo.buh@mail.ru; school-kievo@mail.ru; school-kievo@rambler.ru
137,МАДОУ Д/С № 151 ГОРОДА ТЮМЕНИ,7204118476.0,det.cad.151@mail.ru; ds_159@mail.ru; 151@mail.ru; ds151@obl72.ru
139,"ГАПОУ ТО ""ИШИМСКИЙ МНОГОПРОФИЛЬНЫЙ ТЕХНИКУМ""",7205028419.0,72050284169@mail.ru; 7205005299@MAIL.RU; 7205028419@mail.ru; imt_ishim@vail.ru; dolgihtv-imt@yandex.ru
141,МАДОУ Д/С № 25 ГОРОДА ТЮМЕНИ,7203207324.0,madou_ds25@mail.ru; madouds25@obl72.ru
142,МАОУ СОШ № 67 ГОРОДА ТЮМЕНИ,7203077308.0,school67_tmn@mail.ru; sch00l67_tmn@mail.ru; school67tmn@obl72.ru
143,"ТЮМЕНСКИЙ ФЛ ФГБНУ ""ВНИРО""",7708245723.0,fin@gosrc.ru; gosrc@gosrc.ru; econom@gosrc.ru; kadry@gosrc.ru
144,МАОУ БАННИКОВСКАЯ СОШ,7208001253.0,banscool@rambler.ru
145,МАДОУ Д/С № 36 ГОРОДА ТЮМЕНИ,7203206970.0,dc36@mail.ru; ds36@mail.ru; madou36@obl72.ru
146,МАОУ СОШ №45 ГОРОДА ТЮМЕНИ,7202060365.0,school45_tmn@mail.ru; mousosch45@mail.ru
147,МАОУ СОШ № 6,7206014916.0,mou_sosh_6@mail.ru; korobotova81@mail.ru; tobsh6@obl72.ru
148,"МАОУ ""СТАРОАЛЕКСАНДРОВСКАЯ СОШ ИМ. КАЛИЕВА А.М.""",7229005971.0,st.al00@mail.ru; st.al@mail.ru; st.al00@mai.ru; st.al@mail.ru.
149,МАОУ СОШ №9 ГОРОДА ТЮМЕНИ С УГЛУБЛЕННЫМ ИЗУЧЕНИЕМ КРАЕВЕДЕНИЯ,7202060380.0,school9_tmn@obl72.ru; VALE.ZUBAREWA2014@YANDEX.RU; tibua2011@yandex.ru; kadry.2022@bk.ru; school9_tmn@mail.ru
150,МАОУ СЛОБОДА-БЕШКИЛЬСКАЯ СОШ,7216003984.0,tgabrus@yandex.ru
151,МАДОУ Д/С № 155 ГОРОДА ТЮМЕНИ,7203206803.0,DS_155@mail.ru; dou155@obl72.ru
152,МАДОУ Д/С № 55 ГОРОДА ТЮМЕНИ,7204118388.0,55detsad@mail.ru; ooop9@mail.ru
153,"МАОУ ""ДЕМЬЯНСКАЯ СОШ ИМ. ГВАРДИИ МАТРОСА А. КОПОТИЛОВА"" УВАТСКОГО МУНИЦИПАЛЬНОГО РАЙОНА",7225003420.0,demyansk18@inbox.ru; demyansk-shkola-buh@yandex.ru; demaynsk18@inbox.ru
154,МАОУ СОШ №37 ГОРОДА ТЮМЕНИ ИМЕНИ ГЕРОЯ СОВЕТСКОГО СОЮЗА Н.И.КУЗНЕЦОВА,7202024737.0,school37_tmn72@mail.ru; school37_byh@mail.ru
156,МАДОУ Д/С № 106 ГОРОДА ТЮМЕНИ,7203207067.0,madou106@obl72.ru; madou106@yandex.ru
158,МАОУ СОШ № 12 Г. ИШИМА,7205009279.0,sc12@obl72.ru; tobsh12@obl72.ru; sc12@list.ru; 7205009279@t72.ru; s12@list.ru; sc12@obl.ru
159,МАДОУ Д/С №172 ГОРОДА ТЮМЕНИ,7202171844.0,madou172@yandex.ru; babushenko@rambler.ru; madou172@obl72.ru
160,МАДОУ Д/С № 118 ГОРОДА ТЮМЕНИ,7203207370.0,tumdetsad118@mail.ru; tumdetsad118@obl72.ru
161,МАОУ СОШ №13 ГОРОДА ТЮМЕНИ,7203076270.0,mou13@mail.ru; mou13@obl72.ru
164,МАОУ СЕТОВСКАЯ СОШ,7206026083.0,setovotobr@mail.ru; setovobux@mail.ru
165,МАДОУ Д/С № 186 ГОРОДА ТЮМЕНИ,7203300588.0,ds186@rambler.ru; madou186@yandex.ru; madou186@mail.ru; ds186@obl72.ru
166,МАДОУ ЦРР - Д/С № 167 ГОРОДА ТЮМЕНИ,7202171481.0,ds167@mail.ru; 167@mail.ru
168,МАДОУ Д/С № 176 ГОРОДА ТЮМЕНИ,7203207469.0,ds176@obl72.ru; detctvo_dc176@mail.ru; d.sad176@mail.ru; dou-176@yandex.ru; ds-176@yandex.ru; 7203207469_720301001_ds-176@yandex.ru
169,"ДЕТСКИЙ САД ""СВЕТЛЯЧОК""",7215001670.0,bux.dsz@mail.ru; svetljchok_dsz@mail.ru; zgo-bux.dsz@obl72.ru; zgo-ds-svetlyachok@obl72.ru; dux.dsz@mail.ru
170,МАОУ СЛАДКОВСКАЯ СОШ,7221002070.0,slshbyh@mail.ru; slshbuh@mail.ru; slshcola@mail.ru; otdelobr2016@yandex.ru
172,МАОУ СОШ №70 ГОРОДА ТЮМЕНИ,7203075646.0,web70@mail.ru; buhmaou70@mail.ru 
173,МАОУ БАЙКАЛОВСКАЯ СОШ,7223009384.0,baikalovo@mail.ru
175,"МАДОУ ""ДЕТСКИЙ САД № 49"" Г. ТОБОЛЬСКА",7206037286.0,madouds49@mail.ru; maouds49@mail.ru
176,МАОУ ГИМНАЗИЯ № 49 ГОРОДА ТЮМЕНИ,7204006187.0,tyumenschool49@mail.ru
177,МАОУ СОШ №8 Г. ИШИМА,7205009952.0,school8ishim@obl72.ru; school8ishim@mail.ru; school8bux@mail.ru
179,ФГБОУ ВО ГАУ СЕВЕРНОГО ЗАУРАЛЬЯ,7202010269.0,BUHTGSHA@YANDEX.RU; mamonova.ao@gausz.ru; bessonovata@gausz.ru; dolinskaya.af@gausz.ru; akdigitovamg@gausz.ru
180,МАОУ СОШ №58 ГОРОДА ТЮМЕНИ,7204006074.0,school58tmn@yandex.ru; school58tmn@obl72.ru
181,МАОУ ЮЖНО-ДУБРОВИНСКАЯ СОШ,7209002740.0,sheda15@yandex.ru; yud.schkola@yandex.ru; shcolauds@yandex.ru
182,"МАОУ ""СОШ С.БЕРДЮЖЬЕ""",7211003959.0,Scoolbsch2006@mail.ru; berdschool333@mail.ru
183,"МАДОУ БОРОВСКИЙ ДЕТСКИЙ САД ""ЖУРАВУШКА""",7224035066.0,jyrawyshka@yandex.ru; bords@obraz-tmr.ru; jyrawyshka@mail.ru
184,МАДОУ Д/С № 183 ГОРОДА ТЮМЕНИ,7202223690.0,ds183@mail.ru
185,МАОУ СОШ №25 Г. ТЮМЕНИ,7202060340.0,ship25@rambler.ru; ship25@obl72.ru
186,"МАДОУ ""ДЕТСКИЙ САД № 30"" Г. ТОБОЛЬСКА",7206037208.0,detskiusad30tobolsk@yandex.ru; detskiysad30tobolsk@yandex.ru; tods30@obl72.ru; tobds30@obl72.ru
187,МАДОУ Д/С № 12 ГОРОДА ТЮМЕНИ,7203206923.0,dst12@mail.ru; 151071l@mail.ru
188,МАДОУ Д/С № 158 ГОРОДА ТЮМЕНИ,7203207356.0,tyumdetsad15863@mail.ru; larisa.shmurygina@mail.ru; tyumdetsad158@mail.ru
189,МАОУ СОШ № 48 ГОРОДА ТЮМЕНИ,7203076671.0,tum_school48@obl72.ru; ckakun.ru@mail.ru
190,МАОУ БОРКОВСКАЯ СОШ,7224011072.0,borkischool@mail.ru; bork@obraz-tmr.ru; bork@obraz-tmr.mail.ru; borki@obraz-tmr.ru
192,"ТЮМЕНСКИЙ ИНСТИТУТ ПОВЫШЕНИЯ КВАЛИФИКАЦИИ СОТРУДНИКОВ МИНИСТЕРСТВА ВНУТРЕННИХ ДЕЛ РОССИЙСКОЙ ФЕДЕРАЦИИ, ТЮМЕНСКИЙ ИНСТИТУТ ПОВЫШЕНИЯ КВАЛИФИКАЦИИ СОТРУДНИКОВ МВД РОССИИ, ФГКУ ДПО ""ТИПК МВД РОССИИ"", ТИПК МВД РОССИИ",7204006878.0,tipkmvd@mvd.ru; tuimvd.feo@mail.ru; TSO@DEOZAL.RU; vor44and@mail.ru; nastenkav_1988@mail.ru; tumlawin@mvd.ru
193,МАОУ ОСОШ № 2,7220003754.0,ososhn2@yandex.ru; ososhn2@yndex.ru
194,МАДОУ Д/С № 141 ГОРОДА ТЮМЕНИ,7203206916.0,NINA.MILLER@MAIL.RU; nina.miller@mail.ru; detsad-141@yandex.ru; madouds141@yandex.ru; detsad-141@ya.ru; madouds141@obl72.ru
195,МАДОУ Д/С № 85 ГОРОДА ТЮМЕНИ,7203207395.0,madou85@yandex.ru; MADOU87@obl72.ru
196,МАДОУ Д/С № 1 ГОРОДА ТЮМЕНИ,7204118540.0,ankushevalena@mail.ru; elenavoronkina@yandex.ru; svetlana.urusova@mail.ru; bazilevich81@mail.ru; detsad1t@yandex.ru; 1detsad.2022@mail.ru
197,МАДОУ Д/С № 92 ГОРОДА ТЮМЕНИ,7203207010.0,DS92@obl72.ru; madou_ds_92@mail.ru; mochalina_tanya@mail.ru
198,"МАОУ ""БИГИЛИНСКАЯ СОШ""",7215008010.0,LOPOPOV@YANDEX.RU; bigschool72@yandex.ru; starikova.eleni@yandex.ru
200,МАОУ СОШ №92 ГОРОДА ТЮМЕНИ,7202163770.0,school92_tmn@mail.ru ; maousosh92@yandex.ru
201,"МАДОУ ""ДЕТСКИЙ САД № 40 - ЦРР"" Г. ТОБОЛЬСКА",7206037092.0,detskiy_sad_40@mail.ru; tobds40@obl72.ru
202,"ГАПОУ ТО ""ГОЛЫШМАНОВСКИЙ АГРОПЕДКОЛЛЕДЖ""",7214007895.0,agpc@yandex.ru; aledakov@yandex.ru; 7214007895@t72.ru; agpc@obl72.ru
203,МАДОУ Д/С № 51 ГОРОДА ТЮМЕНИ,7202171509.0,dou51@obl72.ru; det_sad_51@mail.ru; dou51@inbox.ru
204,МАОУ ЕМУРТЛИНСКАЯ СОШ,7226002605.0,mou.emur@mail.ru
205,МАОУ ГИМНАЗИЯ № 1 ГОРОДА ТЮМЕНИ,7204006677.0,moug1@mail.ru; moug@mail.ru
206,"МАДОУ АР ДЕТСКИЙ САД ""СИБИРЯЧОК""",7205028850.0,sibirds@yandex.ru; sibirds2016@yandex.ru; detiabatsk@yandex.ru
207,МАДОУ Д/С № 73 ГОРОДА ТЮМЕНИ,7202171805.0,anoodo73@mail.ru; madou_73@obl72.ru
208,МАОУ СОШ № 12,7206014909.0,sh12tob@yandex.ru; tobsh12@obl72.ru
209,МАДОУ Д/С № 60 ГОРОДА ТЮМЕНИ,7204118645.0,ano-ds60@rambler.ru
210,МАОУ ГАГАРИНСКАЯ СОШ,7217007149.0,gagarinoschool@mail.ru; shg@mail.ru; gagarinoscool@mail.ru; gagarinosh@obl72.ru
211,"МАОУ ""АРОМАШЕВСКАЯ СОШ ИМ. В.Д.КАРМАЦКОГО""",7210010544.0,aromschool@yandex.ru; aromotdel@mail.ru
213,МАОУ БОГАНДИНСКАЯ СОШ № 2,7224017282.0,bogsosh2@yandex.ru; bogsosch2@yandex.ru; bog2@obraz-tmr.ru
214,МАОУ ЛИЦЕЙ №81 ГОРОДА ТЮМЕНИ,7202076679.0,liz81@bk.ru; liz81@mail.ru
215,МАОУ ОСИНОВСКАЯ СОШ,7212003888.0,djeris@ya.ru; djeris@ja.ru; djeris@yandex.ru; djeris@yadexs.ru; djeris@yn.ru
216,МАОУ СОШ №1 Г. ИШИМА,7205009215.0,moysoh1@mail.ru; moysoh1@mail.com; maoysoh1@mail.ru
217,МАОУ БОГАНДИНСКАЯ СОШ № 42,7224010086.0,bog42@obraz-tmr.ru; shkola42@mail.ru
220,"МАОУ ""ГИМНАЗИЯ ИМЕНИ Н.Д. ЛИЦМАНА""",7206015638.0,gimn10@mail.ru; tobgymn@obl72.ru
221,"АНО УМЦ ДПО ""СТАТУС""",8603146212.0,aupstatus@bk.ru;STROYBAT-NV@BK.RU;statustumen@yandex.ru
222,МАОУ ИСЕТСКАЯ СОШ №1,7216003166.0,shkola1isetskoye@mail.ru
223,МАОУ ЧЕРЕМШАНСКАЯ СОШ,7205010193.0,ch_scool@mail.ru
224,МАОУ СОШ № 69 ГОРОДА ТЮМЕНИ,7204007208.0,moy69tmn@mail.ru; moy69tmn@obl72.ru; moy69tmnobl72@mail.ru
227,МАДОУ Д/С № 65 ГОРОДА ТЮМЕНИ,7203207162.0,detskiy.sad.65@obl72.ru; detskiy.sad.65@yandex.ru; detskiy.sad.65@yandex.ry
228,МАДОУ Д/С №61 ГОРОДА ТЮМЕНИ,7202171516.0,detsad61@mail.ru; detsad61@obl72.ru
229,МАОУ СОШ №30 ГОРОДА ТЮМЕНИ,7204006081.0,tums30@rambler.ru; tums30@72obl.ru; sartaknat@mail.ru; tums30@obl72.ru
232,"МАОУ ""ЛИЦЕЙ""",7206019520.0,toblic@obl72.ru; licei-tobolsk@yandex.ru; licei-tobolsk@yande[.ru
233,МАОУ СОШ № 1,7207000698.0,sh1jalutorovsk@mail.ru; buhgschkola1@mail.ru; buhgschkola@mail.ru
238,"МАУДО ""ДЕТСКИЙ САД №7""",7207010424.0,vishenka_sad7@mail.ru
239,МАОУ МУЛЛАШИНСКАЯ СОШ,7224028380.0,mul@obraz-tmr.ru; mullashisosh@mail.ru
240,МАОУ СОШ №20,7206045618.0,school43-mendeleevo@mail.ru; tobsh20@obl72.ru
242,УПРАВЛЕНИЕ ОБРАЗОВАНИЯ,7204095814.0,uotmr@mail.ru; buh@obraz-tmr.ru
243,МАОУ ПЕТЕЛИНСКАЯ СОШ,7228001043.0,petelino_buh@mail.ru; schkoolpetelino@indox.ru; petelino_buh@mail.com; chkolapetelino@mail.ru
244,МАДОУ Д/С № 14,7205018940.0,14auto@mail.ru; buxg.audo14@mail.ru
246,МАДОУ Д/С № 153 ГОРОДА ТЮМЕНИ,7203206948.0,brusnichka153@mail.ru; buhds153@mail.ru
247,"МАДОУ  ГОЛЫШМАНОВСКИЙ ЦРР - Д\С № 4 ""ЁЛОЧКА""",7214008440.0,elochka-igolochka1981@yandex.ru
248,"МАДОУ ""НИЖНЕТАВДИНСКИЙ ДЕТСКИЙ САД ""КОЛОСОК""",7219009840.0,kolosoknt@yandex.ru
250,"МАОУ ДОД ДЕТСКИЙ САД ""СКАЗКА""",7220504711.0,skazka-omut-36@rambler.ru; Skazka-omut-36@mail.ru
251,МАОУВ(С)ОШ № 2 ГОРОДА ТЮМЕНИ,7204033430.0,schoola2-tmn@yandex.ru; T-OSOSH2@YANDEX.RU; schoolo2-tmn@yandex.ru; vecher2.buh@yandex.ru; ol.ignateva@mail.ru
254,МАОУ АРМИЗОНСКАЯ СРЕДНЯЯ ОБЩЕОБРАЗОВАТЕЛЬНАЯ ШКОЛА,7209002556.0,arm_school@obl72.ru; lyudmila-71@mail.ru; tatyana.dubovick@mail.ru; 89088655994@mail.ru
255,МАОУ АНДРЕЕВСКАЯ СОШ,7224015408.0,school150000@mail.ru
256,МАОУ КАМЕНСКАЯ СОШ,7224009965.0,kamenka18@yandex.ru; kam@obraz-tmr.ru; kamenka18@mail.ru
257,"МАУ ДО НИЖНЕТАВДИНСКОГО МУНИЦИПАЛЬНОГО РАЙОНА ""ЦДО""",7219007810.0,uon-tavda@mail.ru
258,"ФЛ МАУ ДО ""ДЕТСКИЙ САД СОЛНЫШКО"" П.ТУРТАС УВАТСКОГО МУНИЦИПАЛЬНОГО РАЙОНА",7225005177.0,turtac@mail.ru; bugsol16@mail.ru; turtacsol@mail.ru
259,"МАОУ ""ЮРГИНСКАЯ СОШ""",7227002358.0,sh1yurga@yandex.ru
260,"МАДОУ ""ИСЕТСКИЙ ДЕТСКИЙ САД ""ИВУШКА""",7216005710.0,IWUSHKA.IS@YANDEX.RU; iwuhska.is@yandex.ru
261,"АДОУ ""ЮРГИНСКИЙ ДЕТСКИЙ САД ЮРГИНСКОГО МУНИЦИПАЛЬНОГО РАЙОНА""",7227262282.0,adou-urga@mail.ru; adou-urga@vail.ru
263,"ЧДОУ ""ДЕТСКИЙ САД ""ПАНДА""",7203330590.0,panda.sadik@yandex.ru; panda.buhg@yandex.ru; panda-sadik@rambler.ru
264,МАДОУ Д/С № 42 ГОРОДА ТЮМЕНИ,7204118677.0,ds42tyumen@mail.ru
265,МАДОУ Д/С № 62 ГОРОДА ТЮМЕНИ,7203206987.0,ds62@obl72.ru; lfa19561@rambler.ru; buh@62dou.ru; ds62@62dou.ru
267,"МАДОУ ""ДЕТСКИЙ САД № 1"" Г. ТОБОЛЬСКА",7206037021.0,KOLOKOL.TOB@MAIL.RU; tobds1@obl72.ru; tobds1@obl.ru
269,"ГАПОУ ТО ""КОЛЛЕДЖ ЦИФРОВЫХ И ПЕДАГОГИЧЕСКИХ ТЕХНОЛОГИЙ""",7203003232.0,ped2@t5.ru; ped7@t5.ru; ped4@t5.ru; ped5309402@gmail.ru; kcpt@obl72.ru
271,МАОУ БУНЬКОВСКАЯ СОШ,7226002700.0,bunkoww@mail.ru
272,"МАДОУ ВИНЗИЛИНСКИЙ ДЕТСКИЙ САД ""МАЛЫШОК""",7224038050.0,malishok_vinsili@mail.ru; malishok_vinsili@mai.ru
273,МАОУ СОШ № 7 Г. ИШИМА,7205009783.0,ishim7@mail.ru; ishim7@mair.ru; ishim7glavbuh@mail.ru; ishim7@obl72.ru
274,МАОУ СОШ №32 ГОРОДА ТЮМЕНИ,7203108274.0,School32-tmn@yandex.ru; School32-tmn@eandex.ru
275,МАОУ МАЛЬКОВСКАЯ СОШ,7224022677.0,BRANRA@YANDEX.RU; t.z.e200ee@mail.ru; malkovo-co@mail.ru; mal@obraz-tmr.ru
276,МАОУ СУЕРСКАЯ СОШ,7226002570.0,mou.suerk@mail.ru
277,ТЮМНЦ СО РАН,7202004498.0,buh_ikz@ikz.ru; kadry@ikz.ru; 371-sctmn@mail.ru
278,МАОУ ПЯТКОВСКАЯ СОШ,7226002926.0,mou.pyatk@inbox.ru; mou.pyatk@mail.ru
280,МА ДОУ ЦРР Д/С № 24,7205018724.0,lshYG24@yandex.ru; ishyg24@yandex.ru; ds24ishim@obl72.ru
281,МАОУ АБАТСКАЯ СОШ № 1,7208001084.0,abatskscool1@mail.ru; abbyx1@yandex.ru; sekretar.abatskscool1@mail.ru; aasuvorova_92@mail.ru
282,"МАОУ ""СРЕДНЯЯ ШКОЛА № 1""",7206014610.0,BUH1-SHKOLA@MAIL.RU; 1-shkola@mail.ru; zrjdktdfnd@yandex.ru
284,МАОУ СОШ №51 ГОРОДА ТЮМЕНИ,7204006042.0,school51-tmn@obl72.ru; schoola51@rambler.ru; school51-tmn@mail.ru; frologi-arma@mail.ru; sсhool51-tmn@obl72.ru
285,МАОУ СОШ №40 ГОРОДА ТЮМЕНИ,7202045134.0,school40_tmn@mail.ru; FLNAT@mail.ru
286,МАОУ ГИМНАЗИЯ №5 ГОРОДА ТЮМЕНИ,7203076840.0,gimnasia-5@yandex.ru; colova.ir@yandex.ru
288,МАОУ УПОРОВСКАЯ СОШ,7226001383.0,kia0506@yandex.ru
293,"МКУ""ИГМЦ""",7205009600.0,mail@ishimobraz.ru
294,"МАОУ ""ГОЛЫШМАНОВСКАЯ СОШ № 2""",7214005739.0,gol.shool2@mail.ru; GOL.SHOOL2@RAMBLER.RU; gol.shol2@mail.ru; golshool2@mail.ru; gol.shool@mail.ru; korzukhinas@mail.ru
296,ЗСФ ИНГГ СО РАН,5408240311.0,buh_zsfigng@ikz.ru
297,МАОУ ИГОЛ ИМ. Е.Г. ЛУКЬЯНЕЦ,7205007948.0,lyceumishim@mail.ru; buh.lyceumishim@mail.ru
299,"МАОУ ""БИЗИНСКАЯ СОШ""",7223009352.0,bizino_school@mail.ru; bortvina.marina@yandex.ru
300,МАОУ ЯРОВСКАЯ СОШ,7224010093.0,yar@obraz-tmr.ru; lavrenova63@mail.ru; tt040880@mail.ru
302,"МАДОУ ЧЕРВИШЕВСКИЙ ДЕТСКИЙ САД ""СИБИРЯЧОК""",7224037923.0,sibir_sad_72@mail.ru
303,"МАДОУ ""ДЕТСКИЙ САД КОМБИНИРОВАННОГО ВИДА № 10"" Г. ТОБОЛЬСКА",7206037053.0,buratino53@mail.ru; ta_2009@mail.ru; rybinka29@mail.ru; detsad_bux@mail.ru; det.10@yandex.ru
304,УПРАВЛЕНИЕ ОБРАЗОВАНИЯ,7210010696.0,aromotdel@mail.ru; kultura-arom@mail.ru;;
305,МАОУ ЛУГОВСКАЯ СОШ,7224023600.0,lugovoe507@mail.ru; elenamelnik.1985@mail.ru; lug@obraz-tmr.ru
307,"ЧОУ ""ЕВРОГИМНАЗИЯ""",7224080855.0,buh4@euro72.ru; info@eg72.ru
310,МАДОУ ЦРР - Д/С № 123 ГОРОДА ТЮМЕНИ,7202171756.0,detsad123@mail.ru; detsad123@obl72.ru
311,"МАУ БЕРДЮЖСКОГО РАЙОНА ДО ДЕТСКИЙ САД ""МАЛЫШОК""",7211005466.0,malish.sad2009@yandex.ru
312,"МАДОУ УМР УПОРОВСКИЙ ДЕТСКИЙ САД ""СОЛНЫШКО""",7226004810.0,DETSAD2009@MAIL.RU
313,"МАОУ ""ГОЛЫШМАНОВСКАЯ СОШ № 4""",7214005753.0,gol.shool4@mail.ru
315,МАОУ СОШ № 4 Г. ИШИМА,7205009790.0,ishim-school4@mail.ru; ishim-school4@obl72.ru
317,ОТДЕЛ ОБРАЗОВАНИЯ ИСЕТСКОГО РАЙОНА,7216004378.0,нет в списке ДФ
318,"МАУ ""ЦЕНТР ОДО ""ОБРАЗОВАНИЕ"" Г.ТОБОЛЬСКА""",7206039533.0,maucentr@mail.ru; TOBOLSK_LESSON@MAIL.RU; mau_centr@mail.ru; codo@obl72.ru
319,МАУ ИМЦ Г.ТЮМЕНИ,7202080308.0,maouimc@mail.ru; gime172@gmail.com; maouimc@vail.ru
320,"МАДОУ КАСКАРИНСКИЙ ДЕТСКИЙ САД ""ЗОЛОТОЙ ПЕТУШОК""",7224037994.0,zolotoy-petushok@mail.ru; kasds@obraz-tmr.ru
321,МАДОУ Д/С № 9,7205018883.0,audods9@mail.ru; tato4ka@mail.ru; audodc9@mail.ru; audodc9@mail.r
323,ОТДЕЛ ОБРАЗОВАНИЯ ТОБОЛЬСКОГО РАЙОНА,7206025918.0,metodist-tron@rambler.ru; MARKSHTEDER.@IMCTOB.RU; info@imctob.ru; stalnova.1988@mail.ru; valentinabux205@mail.ru
324,"МАОУ ""НОВОЗАИМСКАЯ СОШ""",7215007707.0,mou.zaimka@rambier.ru; mouzaimka@mail.ru; zaimka@mail.ru; mou.zaimka@mail.ru
325,"МАДОУ ВАГАЙСКИЙ ДЕТСКИЙ САД ""КОЛОСОК""",7212005500.0,dkolosok@bk.ru; dkolosok@mail.ru
326,"МАОУ ""СЕВЕРО-ПЛЕТНЕВСКАЯ СОШ""",7227002326.0,spletnevo@mail.ru
327,"МАДОУ ""ЦРР - ДЕТСКИЙ САД ""СОЛНЫШКО"" ЯРКОВСКОГО МУНИЦИПАЛЬНОГО РАЙОНА""",7229007979.0,madou.soln@yandex.ru; madou.soln@obl72.ru
329,МАОУ СОШ С. ОКУНЁВО,7211004046.0,okuskol2@rambler.ru
330,МАОУ КШ № 3 Г. ИШИМА,7205010027.0,cksh3@yandex.ru
331,"МАОУ ""СОШ № 3""",7207000578.0,school-3yal69@mail.ru; nadsnarina08@mail.ru; nazarovanv2018@bk.ru; SCHOOL-3YAL@MAIL.RU; school-3yal.69@mail.ru
335,"МАОУ ""ИШИМСКАЯ ШКОЛА-ИНТЕРНАТ""",7205005475.0,ishim_inter@mail.ru; 7205005475@t72.ru
336,МАОУ СОШ № 31,7205005718.0,sh_31@mail.ru; sh_31buh@mail.ru; sh_buh@mail.ru
338,"МАУ ДО ""ВИКУЛОВСКИЙ ДЕТСКИЙ САД ""КОЛОСОК""",7213004563.0,vikdskolos@mail.ru; evgeniya_nihaich@mail.ru
339,"МАОУ СОШ №73 ""ЛИРА"" ГОРОДА ТЮМЕНИ",7204006010.0,lira073@mail.ru; mtpmta@ya.ru; hackergirl89@mail.ru; mpmta@ya.ru
340,МБОУ НШ-ДС № 82 ГОРОДА ТЮМЕНИ,7203058552.0,school82_tmn@mail.ru; school82@obl72.ru
341,ФБУН ТНИИКИП РОСПОТРЕБНАДЗОРА,7203001034.0,info@tniikip.rospotrebnadzor.ru; MihailovaEA@Tniikip.rospotrebnadzor.ru; buh_tniikip@mail.ru; stcbivan@mail.ru; permassets@tniikip.rospotrebnadzor.ru
344,МАДОУ ЦРР Д/С № 19,7205018890.0,auds19@rambler.ru; AUDS19@MAIL.RU; auds19glavbux@mail.ru
346,"МАОУ ""СОШ № 4""",7207005008.0,schol_4o@mail.ru; Natasaf80@mail.ru; school_4o@mail.ru
